[
    {
      "id": 1,
      "title": "Full Stack Developer",
      "location": "New York, NY",
      "jobDescription": "We are looking for a skilled Full Stack Developer to join our team...",
      "rolesResponsibilities": [
        "Develop and maintain front-end and back-end systems",
        "Collaborate with the design team to implement UI/UX designs",
        "Test and debug code",
        "Deploy applications to production environment"
      ]
    },
    {
      "id": 2,
      "title": "Data Scientist",
      "location": "San Francisco, CA",
      "jobDescription": "We are seeking a Data Scientist with strong analytical skills...",
      "rolesResponsibilities": [
        "Analyze large datasets to extract insights",
        "Build predictive models using machine learning techniques",
        "Present findings to stakeholders",
        "Collaborate with cross-functional teams"
      ]
    },
    {
      "id": 3,
      "title": "UI/UX Designer",
      "location": "Seattle, WA",
      "jobDescription": "Looking for a talented UI/UX Designer to create visually appealing...",
      "rolesResponsibilities": [
        "Design user interfaces for web and mobile applications",
        "Conduct user research and usability testing",
        "Collaborate with developers to implement designs",
        "Stay updated with industry trends and best practices"
      ]
    },
    {
      "id": 4,
      "title": "Backend Engineer",
      "location": "Boston, MA",
      "jobDescription": "We are hiring a Backend Engineer to develop scalable and efficient server-side...",
      "rolesResponsibilities": [
        "Design and implement server-side architecture",
        "Optimize applications for performance and scalability",
        "Collaborate with front-end developers on API integration",
        "Troubleshoot and debug server-side issues"
      ]
    },
    {
      "id": 5,
      "title": "Product Manager",
      "location": "Austin, TX",
      "jobDescription": "We are seeking an experienced Product Manager to lead product development...",
      "rolesResponsibilities": [
        "Define product vision, strategy, and roadmap",
        "Gather and prioritize product requirements",
        "Work closely with engineering and design teams",
        "Track and analyze product performance metrics"
      ]
    },
    {
      "id": 6,
      "title": "DevOps Engineer",
      "location": "Chicago, IL",
      "jobDescription": "We are looking for a DevOps Engineer to manage and automate deployment...",
      "rolesResponsibilities": [
        "Implement CI/CD pipelines for continuous integration and deployment",
        "Manage cloud infrastructure using tools like AWS, Azure, or GCP",
        "Monitor system performance and troubleshoot issues",
        "Ensure security and compliance of infrastructure"
      ]
    },
    {
      "id": 7,
      "title": "Frontend Developer",
      "location": "Los Angeles, CA",
      "jobDescription": "We are hiring a Frontend Developer to build user interfaces for web applications...",
      "rolesResponsibilities": [
        "Develop responsive and interactive web applications",
        "Collaborate with designers to implement UI/UX designs",
        "Optimize applications for performance and cross-browser compatibility",
        "Stay updated with frontend technologies and best practices"
      ]
    },
    {
      "id": 8,
      "title": "Software Engineer",
      "location": "Denver, CO",
      "jobDescription": "We are seeking a Software Engineer to design and develop software solutions...",
      "rolesResponsibilities": [
        "Write clean, scalable, and maintainable code",
        "Participate in code reviews and provide feedback",
        "Collaborate with cross-functional teams on project delivery",
        "Troubleshoot and debug software applications"
      ]
    },
    {
      "id": 9,
      "title": "Database Administrator",
      "location": "Atlanta, GA",
      "jobDescription": "We are looking for a Database Administrator to manage and optimize databases...",
      "rolesResponsibilities": [
        "Install, configure, and maintain database software",
        "Monitor database performance and optimize queries",
        "Implement backup and recovery procedures",
        "Ensure data security and integrity"
      ]
    }
  ]
  